digest	run	sample	precursors	phospho_precursors	kept
GluC	2026-03-04_CF_1488_G_new_A6_1_8020	1488	76999	382	1
GluC	2026-03-04_CF_1601_G_new_A6_1_8019	1601	71705	322	1
GluC	2026-03-04_CF_1825_G_new_A6_1_8017	1825	48707	248	1
GluC	2026-03-04_CF_2172_G_new_A6_1_8012	2172	72758	326	1
GluC	2026-03-04_CF_2264_G_new_A6_1_8011	2264	66479	276	1
GluC	2026-03-04_CF_2306_G_new_A6_1_8018	2306	73729	359	1
GluC	2026-03-04_CF_2465_G_new_A6_1_8010	2465	48817	236	1
GluC	2026-03-04_CF_2470_G_new_A6_1_8016	2470	70870	336	1
GluC	2026-03-04_CF_2477_G_new_A6_1_8015	2477	71494	318	1
GluC	2026-03-04_CF_2522_G_new_A6_1_8009	2522	57976	260	1
GluC	2026-03-04_CF_2671_G_new_A6_1_8014	2671	73193	374	1
GluC	2026-03-04_CF_2744_G_new_A6_1_8013	2744	67667	253	1
LysC	2026-03-04_CF_1488_L_new_A6_1_8034	1488	128637	1225	1
LysC	2026-03-04_CF_1601_L_new_A6_1_8033	1601	121322	967	1
LysC	2026-03-04_CF_2172_L_new_A6_1_8025	2172	133276	1201	1
LysC	2026-03-04_CF_2264_L_new_A6_1_8024	2264	24048	85	1
LysC	2026-03-04_CF_2306_L_new_A6_1_8032	2306	135858	1236	1
LysC	2026-03-04_CF_2465_L_new_A6_1_8023	2465	135722	1250	1
LysC	2026-03-04_CF_2470_L_new_A6_1_8030	2470	133832	1218	1
LysC	2026-03-04_CF_2477_L_new_A6_1_8029	2477	130135	1123	1
LysC	2026-03-04_CF_2522_L_new_A6_1_8022	2522	12	0	0
LysC	2026-03-04_CF_2671_L_new_A6_1_8028	2671	121994	1115	1
LysC	2026-03-04_CF_2744_L_new_A6_1_8026	2744	128945	954	1
Trypsin	2026-03-04_CF_1488_T_new_A6_1_8007	1488	236136	1581	1
Trypsin	2026-03-04_CF_1601_T_new_A6_1_8006	1601	218234	1323	1
Trypsin	2026-03-04_CF_1825_T_new_A6_1_8004	1825	223467	1579	1
Trypsin	2026-03-04_CF_2172_T_new_A6_1_7999	2172	231262	1429	1
Trypsin	2026-03-04_CF_2264_T_new_A6_1_7998	2264	228707	1435	1
Trypsin	2026-03-04_CF_2306_T_new_A6_1_8005	2306	224648	1593	1
Trypsin	2026-03-04_CF_2465_T_new_A6_1_7997	2465	204215	1227	1
Trypsin	2026-03-04_CF_2470_T_new_A6_1_8003	2470	230414	1553	1
Trypsin	2026-03-04_CF_2477_T_new_A6_1_8002	2477	227344	1444	1
Trypsin	2026-03-04_CF_2671_T_new_A6_1_8001	2671	230731	1509	1
Trypsin	2026-03-04_CF_2744_T_new_A6_1_8000	2744	223846	1271	1
Trypsin	2026-08-27_CF_PD_2522T_G-A1_1_9301	2522	86614	278	1
