sample,protease,unit,count
1488,All,peptides,270851
1601,All,peptides,259339
1825,All,peptides,195700
2172,All,peptides,279250
2264,All,peptides,228864
2306,All,peptides,267151
2465,All,peptides,245239
2470,All,peptides,268523
2477,All,peptides,274756
2522,All,peptides,123883
2671,All,peptides,273129
2744,All,peptides,263580
1488,GluC,peptides,55190
1601,GluC,peptides,51797
1825,GluC,peptides,38611
2172,GluC,peptides,54416
2264,GluC,peptides,48487
2306,GluC,peptides,54243
2465,GluC,peptides,38063
2470,GluC,peptides,52613
2477,GluC,peptides,53686
2522,GluC,peptides,44794
2671,GluC,peptides,53953
2744,GluC,peptides,51405
1488,LysC,peptides,83823
1601,LysC,peptides,84639
2172,LysC,peptides,88303
2264,LysC,peptides,18595
2306,LysC,peptides,89514
2465,LysC,peptides,89559
2470,LysC,peptides,89031
2477,LysC,peptides,86645
2522,LysC,peptides,11
2671,LysC,peptides,81384
2744,LysC,peptides,85345
1488,Trypsin,peptides,166075
1601,Trypsin,peptides,158026
1825,Trypsin,peptides,157089
2172,Trypsin,peptides,173493
2264,Trypsin,peptides,170507
2306,Trypsin,peptides,157923
2465,Trypsin,peptides,151628
2470,Trypsin,peptides,161848
2477,Trypsin,peptides,170446
2522,Trypsin,peptides,79080
2671,Trypsin,peptides,172042
2744,Trypsin,peptides,162627
1488,All,precursors,395874
1601,All,precursors,366259
1825,All,precursors,272174
2172,All,precursors,389657
2264,All,precursors,308790
2306,All,precursors,388158
2465,All,precursors,344528
2470,All,precursors,388662
2477,All,precursors,382578
2522,All,precursors,144600
2671,All,precursors,381925
2744,All,precursors,372894
1488,GluC,precursors,76999
1601,GluC,precursors,71705
1825,GluC,precursors,48707
2172,GluC,precursors,72758
2264,GluC,precursors,66479
2306,GluC,precursors,73729
2465,GluC,precursors,48817
2470,GluC,precursors,70870
2477,GluC,precursors,71494
2522,GluC,precursors,57976
2671,GluC,precursors,73193
2744,GluC,precursors,67667
1488,LysC,precursors,128637
1601,LysC,precursors,121322
2172,LysC,precursors,133276
2264,LysC,precursors,24048
2306,LysC,precursors,135858
2465,LysC,precursors,135722
2470,LysC,precursors,133832
2477,LysC,precursors,130135
2522,LysC,precursors,12
2671,LysC,precursors,121994
2744,LysC,precursors,128945
1488,Trypsin,precursors,236136
1601,Trypsin,precursors,218234
1825,Trypsin,precursors,223467
2172,Trypsin,precursors,231262
2264,Trypsin,precursors,228707
2306,Trypsin,precursors,224648
2465,Trypsin,precursors,204215
2470,Trypsin,precursors,230414
2477,Trypsin,precursors,227344
2522,Trypsin,precursors,86614
2671,Trypsin,precursors,230731
2744,Trypsin,precursors,223846
1488,All,protein_isoform_groups,14483
1601,All,protein_isoform_groups,13920
1825,All,protein_isoform_groups,12278
2172,All,protein_isoform_groups,14735
2264,All,protein_isoform_groups,12983
2306,All,protein_isoform_groups,14696
2465,All,protein_isoform_groups,13680
2470,All,protein_isoform_groups,14653
2477,All,protein_isoform_groups,14585
2522,All,protein_isoform_groups,8883
2671,All,protein_isoform_groups,14348
2744,All,protein_isoform_groups,14089
1488,GluC,protein_isoform_groups,6723
1601,GluC,protein_isoform_groups,6448
1825,GluC,protein_isoform_groups,5633
2172,GluC,protein_isoform_groups,6651
2264,GluC,protein_isoform_groups,6118
2306,GluC,protein_isoform_groups,6670
2465,GluC,protein_isoform_groups,5373
2470,GluC,protein_isoform_groups,6523
2477,GluC,protein_isoform_groups,6581
2522,GluC,protein_isoform_groups,5901
2671,GluC,protein_isoform_groups,6559
2744,GluC,protein_isoform_groups,6278
1488,LysC,protein_isoform_groups,9315
1601,LysC,protein_isoform_groups,9033
2172,LysC,protein_isoform_groups,9636
2264,LysC,protein_isoform_groups,4063
2306,LysC,protein_isoform_groups,9628
2465,LysC,protein_isoform_groups,9534
2470,LysC,protein_isoform_groups,9702
2477,LysC,protein_isoform_groups,9422
2522,LysC,protein_isoform_groups,11
2671,LysC,protein_isoform_groups,9022
2744,LysC,protein_isoform_groups,9203
1488,Trypsin,protein_isoform_groups,10321
1601,Trypsin,protein_isoform_groups,9927
1825,Trypsin,protein_isoform_groups,10431
2172,Trypsin,protein_isoform_groups,10528
2264,Trypsin,protein_isoform_groups,10409
2306,Trypsin,protein_isoform_groups,10442
2465,Trypsin,protein_isoform_groups,9657
2470,Trypsin,protein_isoform_groups,10441
2477,Trypsin,protein_isoform_groups,10526
2522,Trypsin,protein_isoform_groups,6224
2671,Trypsin,protein_isoform_groups,10453
2744,Trypsin,protein_isoform_groups,10108
1488,All,proteins_canonical,10493
1601,All,proteins_canonical,10166
1825,All,proteins_canonical,10083
2172,All,proteins_canonical,10676
2264,All,proteins_canonical,10060
2306,All,proteins_canonical,10664
2465,All,proteins_canonical,10176
2470,All,proteins_canonical,10666
2477,All,proteins_canonical,10611
2522,All,proteins_canonical,7194
2671,All,proteins_canonical,10463
2744,All,proteins_canonical,10313
1488,GluC,proteins_canonical,6627
1601,GluC,proteins_canonical,6373
1825,GluC,proteins_canonical,5576
2172,GluC,proteins_canonical,6559
2264,GluC,proteins_canonical,6027
2306,GluC,proteins_canonical,6581
2465,GluC,proteins_canonical,5292
2470,GluC,proteins_canonical,6426
2477,GluC,proteins_canonical,6487
2522,GluC,proteins_canonical,5817
2671,GluC,proteins_canonical,6464
2744,GluC,proteins_canonical,6197
1488,LysC,proteins_canonical,8974
1601,LysC,proteins_canonical,8701
2172,LysC,proteins_canonical,9271
2264,LysC,proteins_canonical,4010
2306,LysC,proteins_canonical,9261
2465,LysC,proteins_canonical,9177
2470,LysC,proteins_canonical,9319
2477,LysC,proteins_canonical,9077
2522,LysC,proteins_canonical,11
2671,LysC,proteins_canonical,8696
2744,LysC,proteins_canonical,8877
1488,Trypsin,proteins_canonical,9806
1601,Trypsin,proteins_canonical,9460
1825,Trypsin,proteins_canonical,9933
2172,Trypsin,proteins_canonical,9972
2264,Trypsin,proteins_canonical,9851
2306,Trypsin,proteins_canonical,9930
2465,Trypsin,proteins_canonical,9217
2470,Trypsin,proteins_canonical,9931
2477,Trypsin,proteins_canonical,9994
2522,Trypsin,proteins_canonical,6036
2671,Trypsin,proteins_canonical,9906
2744,Trypsin,proteins_canonical,9620
