source name	characteristics[organism]	characteristics[organism part]	characteristics[disease]	characteristics[cell type]	characteristics[developmental stage]	characteristics[individual]	characteristics[age]	characteristics[sex]	characteristics[biological replicate]	material type	assay name	technology type	comment[proteomics data acquisition method]	comment[label]	comment[instrument]	comment[cleavage agent details]	comment[modification parameters]	comment[modification parameters]	comment[modification parameters]	comment[modification parameters]	comment[dissociation method]	comment[fraction identifier]	comment[technical replicate]	comment[data file]	factor value[disease]
CF_1488	homo sapiens	dorsolateral striatum	Lewy body disease	not applicable	adult	1488	79Y	male	1	tissue	2026-03-04_CF_1488_G_new_A6_1_8020	proteomic profiling by mass spectrometry	NT=data-independent acquisition;AC=MS:1003215	label free sample	NT=timsTOF Ultra 2;AC=MS:1003412	NT=glutamyl endopeptidase;AC=MS:1001917	NT=Carbamidomethyl;AC=UNIMOD:4;TA=C;MT=Fixed	NT=Oxidation;AC=UNIMOD:35;TA=M;MT=Variable	NT=Acetyl;AC=UNIMOD:1;PP=Protein N-term;MT=Variable	NT=Phospho;AC=UNIMOD:21;TA=S,T,Y;MT=Variable	NT=collision-induced dissociation;AC=MS:1000133	1	1	2026-03-04_CF_1488_G_new_A6_1_8020.d.zip	Lewy body disease
CF_1601	homo sapiens	dorsolateral striatum	Lewy body disease	not applicable	adult	1601	90Y-	male	1	tissue	2026-03-04_CF_1601_G_new_A6_1_8019	proteomic profiling by mass spectrometry	NT=data-independent acquisition;AC=MS:1003215	label free sample	NT=timsTOF Ultra 2;AC=MS:1003412	NT=glutamyl endopeptidase;AC=MS:1001917	NT=Carbamidomethyl;AC=UNIMOD:4;TA=C;MT=Fixed	NT=Oxidation;AC=UNIMOD:35;TA=M;MT=Variable	NT=Acetyl;AC=UNIMOD:1;PP=Protein N-term;MT=Variable	NT=Phospho;AC=UNIMOD:21;TA=S,T,Y;MT=Variable	NT=collision-induced dissociation;AC=MS:1000133	1	1	2026-03-04_CF_1601_G_new_A6_1_8019.d.zip	Lewy body disease
CF_1825	homo sapiens	dorsolateral striatum	Lewy body disease	not applicable	adult	1825	80Y	male	1	tissue	2026-03-04_CF_1825_G_new_A6_1_8017	proteomic profiling by mass spectrometry	NT=data-independent acquisition;AC=MS:1003215	label free sample	NT=timsTOF Ultra 2;AC=MS:1003412	NT=glutamyl endopeptidase;AC=MS:1001917	NT=Carbamidomethyl;AC=UNIMOD:4;TA=C;MT=Fixed	NT=Oxidation;AC=UNIMOD:35;TA=M;MT=Variable	NT=Acetyl;AC=UNIMOD:1;PP=Protein N-term;MT=Variable	NT=Phospho;AC=UNIMOD:21;TA=S,T,Y;MT=Variable	NT=collision-induced dissociation;AC=MS:1000133	1	1	2026-03-04_CF_1825_G_new_A6_1_8017.d.zip	Lewy body disease
CF_2172	homo sapiens	dorsolateral striatum	Lewy body disease	not applicable	adult	2172	72Y	male	1	tissue	2026-03-04_CF_2172_G_new_A6_1_8012	proteomic profiling by mass spectrometry	NT=data-independent acquisition;AC=MS:1003215	label free sample	NT=timsTOF Ultra 2;AC=MS:1003412	NT=glutamyl endopeptidase;AC=MS:1001917	NT=Carbamidomethyl;AC=UNIMOD:4;TA=C;MT=Fixed	NT=Oxidation;AC=UNIMOD:35;TA=M;MT=Variable	NT=Acetyl;AC=UNIMOD:1;PP=Protein N-term;MT=Variable	NT=Phospho;AC=UNIMOD:21;TA=S,T,Y;MT=Variable	NT=collision-induced dissociation;AC=MS:1000133	1	1	2026-03-04_CF_2172_G_new_A6_1_8012.d.zip	Lewy body disease
CF_2264	homo sapiens	dorsolateral striatum	Lewy body disease	not applicable	adult	2264	58Y	female	1	tissue	2026-03-04_CF_2264_G_new_A6_1_8011	proteomic profiling by mass spectrometry	NT=data-independent acquisition;AC=MS:1003215	label free sample	NT=timsTOF Ultra 2;AC=MS:1003412	NT=glutamyl endopeptidase;AC=MS:1001917	NT=Carbamidomethyl;AC=UNIMOD:4;TA=C;MT=Fixed	NT=Oxidation;AC=UNIMOD:35;TA=M;MT=Variable	NT=Acetyl;AC=UNIMOD:1;PP=Protein N-term;MT=Variable	NT=Phospho;AC=UNIMOD:21;TA=S,T,Y;MT=Variable	NT=collision-induced dissociation;AC=MS:1000133	1	1	2026-03-04_CF_2264_G_new_A6_1_8011.d.zip	Lewy body disease
CF_2306	homo sapiens	dorsolateral striatum	Lewy body disease	not applicable	adult	2306	86Y	male	1	tissue	2026-03-04_CF_2306_G_new_A6_1_8018	proteomic profiling by mass spectrometry	NT=data-independent acquisition;AC=MS:1003215	label free sample	NT=timsTOF Ultra 2;AC=MS:1003412	NT=glutamyl endopeptidase;AC=MS:1001917	NT=Carbamidomethyl;AC=UNIMOD:4;TA=C;MT=Fixed	NT=Oxidation;AC=UNIMOD:35;TA=M;MT=Variable	NT=Acetyl;AC=UNIMOD:1;PP=Protein N-term;MT=Variable	NT=Phospho;AC=UNIMOD:21;TA=S,T,Y;MT=Variable	NT=collision-induced dissociation;AC=MS:1000133	1	1	2026-03-04_CF_2306_G_new_A6_1_8018.d.zip	Lewy body disease
CF_2465	homo sapiens	dorsolateral striatum	normal	not applicable	adult	2465	73Y	male	1	tissue	2026-03-04_CF_2465_G_new_A6_1_8010	proteomic profiling by mass spectrometry	NT=data-independent acquisition;AC=MS:1003215	label free sample	NT=timsTOF Ultra 2;AC=MS:1003412	NT=glutamyl endopeptidase;AC=MS:1001917	NT=Carbamidomethyl;AC=UNIMOD:4;TA=C;MT=Fixed	NT=Oxidation;AC=UNIMOD:35;TA=M;MT=Variable	NT=Acetyl;AC=UNIMOD:1;PP=Protein N-term;MT=Variable	NT=Phospho;AC=UNIMOD:21;TA=S,T,Y;MT=Variable	NT=collision-induced dissociation;AC=MS:1000133	1	1	2026-03-04_CF_2465_G_new_A6_1_8010.d.zip	normal
CF_2470	homo sapiens	dorsolateral striatum	normal	not applicable	adult	2470	62Y	male	1	tissue	2026-03-04_CF_2470_G_new_A6_1_8016	proteomic profiling by mass spectrometry	NT=data-independent acquisition;AC=MS:1003215	label free sample	NT=timsTOF Ultra 2;AC=MS:1003412	NT=glutamyl endopeptidase;AC=MS:1001917	NT=Carbamidomethyl;AC=UNIMOD:4;TA=C;MT=Fixed	NT=Oxidation;AC=UNIMOD:35;TA=M;MT=Variable	NT=Acetyl;AC=UNIMOD:1;PP=Protein N-term;MT=Variable	NT=Phospho;AC=UNIMOD:21;TA=S,T,Y;MT=Variable	NT=collision-induced dissociation;AC=MS:1000133	1	1	2026-03-04_CF_2470_G_new_A6_1_8016.d.zip	normal
CF_2477	homo sapiens	dorsolateral striatum	normal	not applicable	adult	2477	68Y	female	1	tissue	2026-03-04_CF_2477_G_new_A6_1_8015	proteomic profiling by mass spectrometry	NT=data-independent acquisition;AC=MS:1003215	label free sample	NT=timsTOF Ultra 2;AC=MS:1003412	NT=glutamyl endopeptidase;AC=MS:1001917	NT=Carbamidomethyl;AC=UNIMOD:4;TA=C;MT=Fixed	NT=Oxidation;AC=UNIMOD:35;TA=M;MT=Variable	NT=Acetyl;AC=UNIMOD:1;PP=Protein N-term;MT=Variable	NT=Phospho;AC=UNIMOD:21;TA=S,T,Y;MT=Variable	NT=collision-induced dissociation;AC=MS:1000133	1	1	2026-03-04_CF_2477_G_new_A6_1_8015.d.zip	normal
CF_2522	homo sapiens	dorsolateral striatum	normal	not applicable	adult	2522	90Y-	male	1	tissue	2026-03-04_CF_2522_G_new_A6_1_8009	proteomic profiling by mass spectrometry	NT=data-independent acquisition;AC=MS:1003215	label free sample	NT=timsTOF Ultra 2;AC=MS:1003412	NT=glutamyl endopeptidase;AC=MS:1001917	NT=Carbamidomethyl;AC=UNIMOD:4;TA=C;MT=Fixed	NT=Oxidation;AC=UNIMOD:35;TA=M;MT=Variable	NT=Acetyl;AC=UNIMOD:1;PP=Protein N-term;MT=Variable	NT=Phospho;AC=UNIMOD:21;TA=S,T,Y;MT=Variable	NT=collision-induced dissociation;AC=MS:1000133	1	1	2026-03-04_CF_2522_G_new_A6_1_8009.d.zip	normal
CF_2671	homo sapiens	dorsolateral striatum	normal	not applicable	adult	2671	89Y	male	1	tissue	2026-03-04_CF_2671_G_new_A6_1_8014	proteomic profiling by mass spectrometry	NT=data-independent acquisition;AC=MS:1003215	label free sample	NT=timsTOF Ultra 2;AC=MS:1003412	NT=glutamyl endopeptidase;AC=MS:1001917	NT=Carbamidomethyl;AC=UNIMOD:4;TA=C;MT=Fixed	NT=Oxidation;AC=UNIMOD:35;TA=M;MT=Variable	NT=Acetyl;AC=UNIMOD:1;PP=Protein N-term;MT=Variable	NT=Phospho;AC=UNIMOD:21;TA=S,T,Y;MT=Variable	NT=collision-induced dissociation;AC=MS:1000133	1	1	2026-03-04_CF_2671_G_new_A6_1_8014.d.zip	normal
CF_2744	homo sapiens	dorsolateral striatum	normal	not applicable	adult	2744	73Y	female	1	tissue	2026-03-04_CF_2744_G_new_A6_1_8013	proteomic profiling by mass spectrometry	NT=data-independent acquisition;AC=MS:1003215	label free sample	NT=timsTOF Ultra 2;AC=MS:1003412	NT=glutamyl endopeptidase;AC=MS:1001917	NT=Carbamidomethyl;AC=UNIMOD:4;TA=C;MT=Fixed	NT=Oxidation;AC=UNIMOD:35;TA=M;MT=Variable	NT=Acetyl;AC=UNIMOD:1;PP=Protein N-term;MT=Variable	NT=Phospho;AC=UNIMOD:21;TA=S,T,Y;MT=Variable	NT=collision-induced dissociation;AC=MS:1000133	1	1	2026-03-04_CF_2744_G_new_A6_1_8013.d.zip	normal
CF_1488	homo sapiens	dorsolateral striatum	Lewy body disease	not applicable	adult	1488	79Y	male	1	tissue	2026-03-04_CF_1488_L_new_A6_1_8034	proteomic profiling by mass spectrometry	NT=data-independent acquisition;AC=MS:1003215	label free sample	NT=timsTOF Ultra 2;AC=MS:1003412	NT=Lys-C;AC=MS:1001309	NT=Carbamidomethyl;AC=UNIMOD:4;TA=C;MT=Fixed	NT=Oxidation;AC=UNIMOD:35;TA=M;MT=Variable	NT=Acetyl;AC=UNIMOD:1;PP=Protein N-term;MT=Variable	NT=Phospho;AC=UNIMOD:21;TA=S,T,Y;MT=Variable	NT=collision-induced dissociation;AC=MS:1000133	1	1	2026-03-04_CF_1488_L_new_A6_1_8034.d.zip	Lewy body disease
CF_1601	homo sapiens	dorsolateral striatum	Lewy body disease	not applicable	adult	1601	90Y-	male	1	tissue	2026-03-04_CF_1601_L_new_A6_1_8033	proteomic profiling by mass spectrometry	NT=data-independent acquisition;AC=MS:1003215	label free sample	NT=timsTOF Ultra 2;AC=MS:1003412	NT=Lys-C;AC=MS:1001309	NT=Carbamidomethyl;AC=UNIMOD:4;TA=C;MT=Fixed	NT=Oxidation;AC=UNIMOD:35;TA=M;MT=Variable	NT=Acetyl;AC=UNIMOD:1;PP=Protein N-term;MT=Variable	NT=Phospho;AC=UNIMOD:21;TA=S,T,Y;MT=Variable	NT=collision-induced dissociation;AC=MS:1000133	1	1	2026-03-04_CF_1601_L_new_A6_1_8033.d.zip	Lewy body disease
CF_2172	homo sapiens	dorsolateral striatum	Lewy body disease	not applicable	adult	2172	72Y	male	1	tissue	2026-03-04_CF_2172_L_new_A6_1_8025	proteomic profiling by mass spectrometry	NT=data-independent acquisition;AC=MS:1003215	label free sample	NT=timsTOF Ultra 2;AC=MS:1003412	NT=Lys-C;AC=MS:1001309	NT=Carbamidomethyl;AC=UNIMOD:4;TA=C;MT=Fixed	NT=Oxidation;AC=UNIMOD:35;TA=M;MT=Variable	NT=Acetyl;AC=UNIMOD:1;PP=Protein N-term;MT=Variable	NT=Phospho;AC=UNIMOD:21;TA=S,T,Y;MT=Variable	NT=collision-induced dissociation;AC=MS:1000133	1	1	2026-03-04_CF_2172_L_new_A6_1_8025.d.zip	Lewy body disease
CF_2264	homo sapiens	dorsolateral striatum	Lewy body disease	not applicable	adult	2264	58Y	female	1	tissue	2026-03-04_CF_2264_L_new_A6_1_8024	proteomic profiling by mass spectrometry	NT=data-independent acquisition;AC=MS:1003215	label free sample	NT=timsTOF Ultra 2;AC=MS:1003412	NT=Lys-C;AC=MS:1001309	NT=Carbamidomethyl;AC=UNIMOD:4;TA=C;MT=Fixed	NT=Oxidation;AC=UNIMOD:35;TA=M;MT=Variable	NT=Acetyl;AC=UNIMOD:1;PP=Protein N-term;MT=Variable	NT=Phospho;AC=UNIMOD:21;TA=S,T,Y;MT=Variable	NT=collision-induced dissociation;AC=MS:1000133	1	1	2026-03-04_CF_2264_L_new_A6_1_8024.d.zip	Lewy body disease
CF_2306	homo sapiens	dorsolateral striatum	Lewy body disease	not applicable	adult	2306	86Y	male	1	tissue	2026-03-04_CF_2306_L_new_A6_1_8032	proteomic profiling by mass spectrometry	NT=data-independent acquisition;AC=MS:1003215	label free sample	NT=timsTOF Ultra 2;AC=MS:1003412	NT=Lys-C;AC=MS:1001309	NT=Carbamidomethyl;AC=UNIMOD:4;TA=C;MT=Fixed	NT=Oxidation;AC=UNIMOD:35;TA=M;MT=Variable	NT=Acetyl;AC=UNIMOD:1;PP=Protein N-term;MT=Variable	NT=Phospho;AC=UNIMOD:21;TA=S,T,Y;MT=Variable	NT=collision-induced dissociation;AC=MS:1000133	1	1	2026-03-04_CF_2306_L_new_A6_1_8032.d.zip	Lewy body disease
CF_2465	homo sapiens	dorsolateral striatum	normal	not applicable	adult	2465	73Y	male	1	tissue	2026-03-04_CF_2465_L_new_A6_1_8023	proteomic profiling by mass spectrometry	NT=data-independent acquisition;AC=MS:1003215	label free sample	NT=timsTOF Ultra 2;AC=MS:1003412	NT=Lys-C;AC=MS:1001309	NT=Carbamidomethyl;AC=UNIMOD:4;TA=C;MT=Fixed	NT=Oxidation;AC=UNIMOD:35;TA=M;MT=Variable	NT=Acetyl;AC=UNIMOD:1;PP=Protein N-term;MT=Variable	NT=Phospho;AC=UNIMOD:21;TA=S,T,Y;MT=Variable	NT=collision-induced dissociation;AC=MS:1000133	1	1	2026-03-04_CF_2465_L_new_A6_1_8023.d.zip	normal
CF_2470	homo sapiens	dorsolateral striatum	normal	not applicable	adult	2470	62Y	male	1	tissue	2026-03-04_CF_2470_L_new_A6_1_8030	proteomic profiling by mass spectrometry	NT=data-independent acquisition;AC=MS:1003215	label free sample	NT=timsTOF Ultra 2;AC=MS:1003412	NT=Lys-C;AC=MS:1001309	NT=Carbamidomethyl;AC=UNIMOD:4;TA=C;MT=Fixed	NT=Oxidation;AC=UNIMOD:35;TA=M;MT=Variable	NT=Acetyl;AC=UNIMOD:1;PP=Protein N-term;MT=Variable	NT=Phospho;AC=UNIMOD:21;TA=S,T,Y;MT=Variable	NT=collision-induced dissociation;AC=MS:1000133	1	1	2026-03-04_CF_2470_L_new_A6_1_8030.d.zip	normal
CF_2477	homo sapiens	dorsolateral striatum	normal	not applicable	adult	2477	68Y	female	1	tissue	2026-03-04_CF_2477_L_new_A6_1_8029	proteomic profiling by mass spectrometry	NT=data-independent acquisition;AC=MS:1003215	label free sample	NT=timsTOF Ultra 2;AC=MS:1003412	NT=Lys-C;AC=MS:1001309	NT=Carbamidomethyl;AC=UNIMOD:4;TA=C;MT=Fixed	NT=Oxidation;AC=UNIMOD:35;TA=M;MT=Variable	NT=Acetyl;AC=UNIMOD:1;PP=Protein N-term;MT=Variable	NT=Phospho;AC=UNIMOD:21;TA=S,T,Y;MT=Variable	NT=collision-induced dissociation;AC=MS:1000133	1	1	2026-03-04_CF_2477_L_new_A6_1_8029.d.zip	normal
CF_2522	homo sapiens	dorsolateral striatum	normal	not applicable	adult	2522	90Y-	male	1	tissue	2026-03-04_CF_2522_L_new_A6_1_8022	proteomic profiling by mass spectrometry	NT=data-independent acquisition;AC=MS:1003215	label free sample	NT=timsTOF Ultra 2;AC=MS:1003412	NT=Lys-C;AC=MS:1001309	NT=Carbamidomethyl;AC=UNIMOD:4;TA=C;MT=Fixed	NT=Oxidation;AC=UNIMOD:35;TA=M;MT=Variable	NT=Acetyl;AC=UNIMOD:1;PP=Protein N-term;MT=Variable	NT=Phospho;AC=UNIMOD:21;TA=S,T,Y;MT=Variable	NT=collision-induced dissociation;AC=MS:1000133	1	1	2026-03-04_CF_2522_L_new_A6_1_8022.d.zip	normal
CF_2671	homo sapiens	dorsolateral striatum	normal	not applicable	adult	2671	89Y	male	1	tissue	2026-03-04_CF_2671_L_new_A6_1_8028	proteomic profiling by mass spectrometry	NT=data-independent acquisition;AC=MS:1003215	label free sample	NT=timsTOF Ultra 2;AC=MS:1003412	NT=Lys-C;AC=MS:1001309	NT=Carbamidomethyl;AC=UNIMOD:4;TA=C;MT=Fixed	NT=Oxidation;AC=UNIMOD:35;TA=M;MT=Variable	NT=Acetyl;AC=UNIMOD:1;PP=Protein N-term;MT=Variable	NT=Phospho;AC=UNIMOD:21;TA=S,T,Y;MT=Variable	NT=collision-induced dissociation;AC=MS:1000133	1	1	2026-03-04_CF_2671_L_new_A6_1_8028.d.zip	normal
CF_2744	homo sapiens	dorsolateral striatum	normal	not applicable	adult	2744	73Y	female	1	tissue	2026-03-04_CF_2744_L_new_A6_1_8026	proteomic profiling by mass spectrometry	NT=data-independent acquisition;AC=MS:1003215	label free sample	NT=timsTOF Ultra 2;AC=MS:1003412	NT=Lys-C;AC=MS:1001309	NT=Carbamidomethyl;AC=UNIMOD:4;TA=C;MT=Fixed	NT=Oxidation;AC=UNIMOD:35;TA=M;MT=Variable	NT=Acetyl;AC=UNIMOD:1;PP=Protein N-term;MT=Variable	NT=Phospho;AC=UNIMOD:21;TA=S,T,Y;MT=Variable	NT=collision-induced dissociation;AC=MS:1000133	1	1	2026-03-04_CF_2744_L_new_A6_1_8026.d.zip	normal
CF_1488	homo sapiens	dorsolateral striatum	Lewy body disease	not applicable	adult	1488	79Y	male	1	tissue	2026-03-04_CF_1488_T_new_A6_1_8007	proteomic profiling by mass spectrometry	NT=data-independent acquisition;AC=MS:1003215	label free sample	NT=timsTOF Ultra 2;AC=MS:1003412	NT=Trypsin;AC=MS:1001251	NT=Carbamidomethyl;AC=UNIMOD:4;TA=C;MT=Fixed	NT=Oxidation;AC=UNIMOD:35;TA=M;MT=Variable	NT=Acetyl;AC=UNIMOD:1;PP=Protein N-term;MT=Variable	NT=Phospho;AC=UNIMOD:21;TA=S,T,Y;MT=Variable	NT=collision-induced dissociation;AC=MS:1000133	1	1	2026-03-04_CF_1488_T_new_A6_1_8007.d.zip	Lewy body disease
CF_1601	homo sapiens	dorsolateral striatum	Lewy body disease	not applicable	adult	1601	90Y-	male	1	tissue	2026-03-04_CF_1601_T_new_A6_1_8006	proteomic profiling by mass spectrometry	NT=data-independent acquisition;AC=MS:1003215	label free sample	NT=timsTOF Ultra 2;AC=MS:1003412	NT=Trypsin;AC=MS:1001251	NT=Carbamidomethyl;AC=UNIMOD:4;TA=C;MT=Fixed	NT=Oxidation;AC=UNIMOD:35;TA=M;MT=Variable	NT=Acetyl;AC=UNIMOD:1;PP=Protein N-term;MT=Variable	NT=Phospho;AC=UNIMOD:21;TA=S,T,Y;MT=Variable	NT=collision-induced dissociation;AC=MS:1000133	1	1	2026-03-04_CF_1601_T_new_A6_1_8006.d.zip	Lewy body disease
CF_1825	homo sapiens	dorsolateral striatum	Lewy body disease	not applicable	adult	1825	80Y	male	1	tissue	2026-03-04_CF_1825_T_new_A6_1_8004	proteomic profiling by mass spectrometry	NT=data-independent acquisition;AC=MS:1003215	label free sample	NT=timsTOF Ultra 2;AC=MS:1003412	NT=Trypsin;AC=MS:1001251	NT=Carbamidomethyl;AC=UNIMOD:4;TA=C;MT=Fixed	NT=Oxidation;AC=UNIMOD:35;TA=M;MT=Variable	NT=Acetyl;AC=UNIMOD:1;PP=Protein N-term;MT=Variable	NT=Phospho;AC=UNIMOD:21;TA=S,T,Y;MT=Variable	NT=collision-induced dissociation;AC=MS:1000133	1	1	2026-03-04_CF_1825_T_new_A6_1_8004.d.zip	Lewy body disease
CF_2172	homo sapiens	dorsolateral striatum	Lewy body disease	not applicable	adult	2172	72Y	male	1	tissue	2026-03-04_CF_2172_T_new_A6_1_7999	proteomic profiling by mass spectrometry	NT=data-independent acquisition;AC=MS:1003215	label free sample	NT=timsTOF Ultra 2;AC=MS:1003412	NT=Trypsin;AC=MS:1001251	NT=Carbamidomethyl;AC=UNIMOD:4;TA=C;MT=Fixed	NT=Oxidation;AC=UNIMOD:35;TA=M;MT=Variable	NT=Acetyl;AC=UNIMOD:1;PP=Protein N-term;MT=Variable	NT=Phospho;AC=UNIMOD:21;TA=S,T,Y;MT=Variable	NT=collision-induced dissociation;AC=MS:1000133	1	1	2026-03-04_CF_2172_T_new_A6_1_7999.d.zip	Lewy body disease
CF_2264	homo sapiens	dorsolateral striatum	Lewy body disease	not applicable	adult	2264	58Y	female	1	tissue	2026-03-04_CF_2264_T_new_A6_1_7998	proteomic profiling by mass spectrometry	NT=data-independent acquisition;AC=MS:1003215	label free sample	NT=timsTOF Ultra 2;AC=MS:1003412	NT=Trypsin;AC=MS:1001251	NT=Carbamidomethyl;AC=UNIMOD:4;TA=C;MT=Fixed	NT=Oxidation;AC=UNIMOD:35;TA=M;MT=Variable	NT=Acetyl;AC=UNIMOD:1;PP=Protein N-term;MT=Variable	NT=Phospho;AC=UNIMOD:21;TA=S,T,Y;MT=Variable	NT=collision-induced dissociation;AC=MS:1000133	1	1	2026-03-04_CF_2264_T_new_A6_1_7998.d.zip	Lewy body disease
CF_2306	homo sapiens	dorsolateral striatum	Lewy body disease	not applicable	adult	2306	86Y	male	1	tissue	2026-03-04_CF_2306_T_new_A6_1_8005	proteomic profiling by mass spectrometry	NT=data-independent acquisition;AC=MS:1003215	label free sample	NT=timsTOF Ultra 2;AC=MS:1003412	NT=Trypsin;AC=MS:1001251	NT=Carbamidomethyl;AC=UNIMOD:4;TA=C;MT=Fixed	NT=Oxidation;AC=UNIMOD:35;TA=M;MT=Variable	NT=Acetyl;AC=UNIMOD:1;PP=Protein N-term;MT=Variable	NT=Phospho;AC=UNIMOD:21;TA=S,T,Y;MT=Variable	NT=collision-induced dissociation;AC=MS:1000133	1	1	2026-03-04_CF_2306_T_new_A6_1_8005.d.zip	Lewy body disease
CF_2465	homo sapiens	dorsolateral striatum	normal	not applicable	adult	2465	73Y	male	1	tissue	2026-03-04_CF_2465_T_new_A6_1_7997	proteomic profiling by mass spectrometry	NT=data-independent acquisition;AC=MS:1003215	label free sample	NT=timsTOF Ultra 2;AC=MS:1003412	NT=Trypsin;AC=MS:1001251	NT=Carbamidomethyl;AC=UNIMOD:4;TA=C;MT=Fixed	NT=Oxidation;AC=UNIMOD:35;TA=M;MT=Variable	NT=Acetyl;AC=UNIMOD:1;PP=Protein N-term;MT=Variable	NT=Phospho;AC=UNIMOD:21;TA=S,T,Y;MT=Variable	NT=collision-induced dissociation;AC=MS:1000133	1	1	2026-03-04_CF_2465_T_new_A6_1_7997.d.zip	normal
CF_2470	homo sapiens	dorsolateral striatum	normal	not applicable	adult	2470	62Y	male	1	tissue	2026-03-04_CF_2470_T_new_A6_1_8003	proteomic profiling by mass spectrometry	NT=data-independent acquisition;AC=MS:1003215	label free sample	NT=timsTOF Ultra 2;AC=MS:1003412	NT=Trypsin;AC=MS:1001251	NT=Carbamidomethyl;AC=UNIMOD:4;TA=C;MT=Fixed	NT=Oxidation;AC=UNIMOD:35;TA=M;MT=Variable	NT=Acetyl;AC=UNIMOD:1;PP=Protein N-term;MT=Variable	NT=Phospho;AC=UNIMOD:21;TA=S,T,Y;MT=Variable	NT=collision-induced dissociation;AC=MS:1000133	1	1	2026-03-04_CF_2470_T_new_A6_1_8003.d.zip	normal
CF_2477	homo sapiens	dorsolateral striatum	normal	not applicable	adult	2477	68Y	female	1	tissue	2026-03-04_CF_2477_T_new_A6_1_8002	proteomic profiling by mass spectrometry	NT=data-independent acquisition;AC=MS:1003215	label free sample	NT=timsTOF Ultra 2;AC=MS:1003412	NT=Trypsin;AC=MS:1001251	NT=Carbamidomethyl;AC=UNIMOD:4;TA=C;MT=Fixed	NT=Oxidation;AC=UNIMOD:35;TA=M;MT=Variable	NT=Acetyl;AC=UNIMOD:1;PP=Protein N-term;MT=Variable	NT=Phospho;AC=UNIMOD:21;TA=S,T,Y;MT=Variable	NT=collision-induced dissociation;AC=MS:1000133	1	1	2026-03-04_CF_2477_T_new_A6_1_8002.d.zip	normal
CF_2671	homo sapiens	dorsolateral striatum	normal	not applicable	adult	2671	89Y	male	1	tissue	2026-03-04_CF_2671_T_new_A6_1_8001	proteomic profiling by mass spectrometry	NT=data-independent acquisition;AC=MS:1003215	label free sample	NT=timsTOF Ultra 2;AC=MS:1003412	NT=Trypsin;AC=MS:1001251	NT=Carbamidomethyl;AC=UNIMOD:4;TA=C;MT=Fixed	NT=Oxidation;AC=UNIMOD:35;TA=M;MT=Variable	NT=Acetyl;AC=UNIMOD:1;PP=Protein N-term;MT=Variable	NT=Phospho;AC=UNIMOD:21;TA=S,T,Y;MT=Variable	NT=collision-induced dissociation;AC=MS:1000133	1	1	2026-03-04_CF_2671_T_new_A6_1_8001.d.zip	normal
CF_2744	homo sapiens	dorsolateral striatum	normal	not applicable	adult	2744	73Y	female	1	tissue	2026-03-04_CF_2744_T_new_A6_1_8000	proteomic profiling by mass spectrometry	NT=data-independent acquisition;AC=MS:1003215	label free sample	NT=timsTOF Ultra 2;AC=MS:1003412	NT=Trypsin;AC=MS:1001251	NT=Carbamidomethyl;AC=UNIMOD:4;TA=C;MT=Fixed	NT=Oxidation;AC=UNIMOD:35;TA=M;MT=Variable	NT=Acetyl;AC=UNIMOD:1;PP=Protein N-term;MT=Variable	NT=Phospho;AC=UNIMOD:21;TA=S,T,Y;MT=Variable	NT=collision-induced dissociation;AC=MS:1000133	1	1	2026-03-04_CF_2744_T_new_A6_1_8000.d.zip	normal
CF_2522	homo sapiens	dorsolateral striatum	normal	not applicable	adult	2522	90Y-	male	1	tissue	2026-08-27_CF_PD_2522T_G-A1_1_9301	proteomic profiling by mass spectrometry	NT=data-independent acquisition;AC=MS:1003215	label free sample	NT=timsTOF Ultra 2;AC=MS:1003412	NT=Trypsin;AC=MS:1001251	NT=Carbamidomethyl;AC=UNIMOD:4;TA=C;MT=Fixed	NT=Oxidation;AC=UNIMOD:35;TA=M;MT=Variable	NT=Acetyl;AC=UNIMOD:1;PP=Protein N-term;MT=Variable	NT=Phospho;AC=UNIMOD:21;TA=S,T,Y;MT=Variable	NT=collision-induced dissociation;AC=MS:1000133	1	1	2026-08-27_CF_PD_2522T_G-A1_1_9301.d.zip	normal
